-- Generated by scripts/generate_grade10_curriculum_sql.py — do not edit by hand; regenerate instead.
USE lms;
SET NAMES utf8mb4 COLLATE utf8mb4_unicode_ci;
SET FOREIGN_KEY_CHECKS = 0;
SET SQL_SAFE_UPDATES = 0;
-- Clear FK pointers for grade 10 classes before deletes (safer than relying on order)
UPDATE live_sessions ls JOIN sections sec ON sec.id = ls.class_id SET ls.chapter_id = NULL, ls.topic_id = NULL WHERE sec.grade_id = 10;
UPDATE live_quiz_sessions lq JOIN sections sec ON sec.id = lq.class_id SET lq.chapter_id = NULL, lq.topic_id = NULL WHERE sec.grade_id = 10;
DELETE FROM topic_micro_lessons;
DELETE FROM topics;
DELETE FROM chapter_textual_materials WHERE chapter_id IN (SELECT id FROM chapters WHERE grade_id = 10);
DELETE FROM chapters WHERE grade_id = 10;

INSERT INTO chapters (id, subject_id, grade_id, chapter_no, chapter_name, macro_month_label, macro_week_range, planned_periods, teaching_plan_summary) VALUES
(1,1,10,1,'దానశీలము (Padyam)','June','Week 1-2',6,'Poem meaning, values, explanation'),
(2,1,10,2,'మాతృభాష ప్రాముఖ్యత','June','Week 3-4',7,'Importance of language, prose'),
(3,1,10,3,'కొత్తబాట','July','Week 1-2',8,'Story analysis'),
(4,1,10,4,'నగరగీతం','July','Week 3-4',6,'Poem interpretation'),
(5,1,10,5,'భాగ్యోదయం','August','Week 1-2',7,'Biography'),
(6,1,10,6,'శతక మాధుర్యం','August','Week 3-4',6,'Moral values'),
(7,1,10,7,'జీవనభాష్యం','September','Week 1-2',7,'Essay understanding'),
(8,1,10,8,'గోల్కొండ పట్టణం','September','Week 3-4',6,'Historical essay'),
(9,1,10,9,'భిక్షువు','October','Week 1-2',6,'Poem'),
(10,1,10,10,'భూమిక','October','Week 3-4',6,'Literary essay'),
(11,1,10,11,'తెలంగాణ','November','Week 1-2',6,'Telangana culture'),
(12,1,10,12,'రామాయణం భాగాలు (Supplementary)','November','Week 3-4',8,'Reading and understanding'),
(13,2,10,1,'बरसते बादल (कविता)','June','Week 1-2',6,'Poem explanation, meaning'),
(14,2,10,2,'ईदगाह (कहानी)','June','Week 3-4',8,'Story, values'),
(15,2,10,3,'माँ मुझे आने दे!','July','Week 2',6,'Poem'),
(16,2,10,4,'कण-कण का अधिकारी','August','Week 1-2',6,'Poem'),
(17,2,10,5,'लोकगीत','August','Week 3-4',6,'Essay'),
(18,2,10,6,'अंतर्राष्ट्रीय स्तर पर हिंदी','September','Week 2',5,'Letter'),
(19,2,10,7,'भक्ति पद','October','Week 1-2',6,'Poem'),
(20,2,10,8,'स्वराज्य की नींव','October','Week 3-4',7,'Drama'),
(21,2,10,9,'दक्षिण गंगा गोदावरी','November','Week 2-3',6,'Travelogue'),
(22,2,10,10,'नीति दोहे','December','Week 1-2',5,'Poem'),
(23,2,10,11,'जल ही जीवन है','December','Week 3',6,'Story'),
(24,2,10,12,'धरती के सवाल अंतरिक्ष के जवाब','January','Week 1-2',6,'Interview'),
(25,2,10,101,'यह रास्ता कहाँ जाता है?','July','Week 1',4,'Drama reading'),
(26,2,10,102,'शांति की राह में','July','Week 3-4',4,'Essay'),
(27,2,10,103,'उलझन','September','Week 1',3,'Poem'),
(28,2,10,104,'हम सब एक हैं','September','Week 3-4',4,'Essay'),
(29,2,10,105,'हम भारतीय','November','Week 1',3,'Poem'),
(30,2,10,106,'अपने स्कूल को उपहार','November','Week 4',4,'Story'),
(31,2,10,107,'क्या आपको पता है?','December','Week 4',4,'Informative'),
(32,2,10,108,'अनोखा उपाय','January','Week 3',4,'Story'),
(33,3,10,1,'Personality Development','June','Full',12,'Reading + Writing + Grammar'),
(34,3,10,2,'Wit and Humour','July','Full',12,'Drama + Story'),
(35,3,10,3,'Human Relations','August','Full',10,'Poem + Prose'),
(36,3,10,4,'Films and Theatre','September','Full',10,'Biography + Film'),
(37,3,10,5,'Social Issues','October','Full',10,'Social awareness'),
(38,3,10,6,'Bio-Diversity','November','Full',10,'Environment'),
(39,3,10,7,'Nation and Diversity','December','Full',10,'Unity'),
(40,3,10,8,'Human Rights','January','Full',10,'Rights awareness'),
(41,4,10,1,'Real Numbers','June','Week 1-2',15,'HCF, LCM, Euclid algorithm'),
(42,4,10,2,'Sets','June','Week 3-4',8,'Set operations'),
(43,4,10,3,'Polynomials','July','Week 1-2',8,'Zeros, graphs'),
(44,4,10,4,'Pair of Linear Equations','September','Week 1-2',15,'Solving equations'),
(45,4,10,5,'Quadratic Equations','October','Full',12,'Roots'),
(46,4,10,6,'Progressions','January','Week 1-2',11,'AP'),
(47,4,10,7,'Coordinate Geometry','November','Week 1-2',12,'Distance formula'),
(48,4,10,8,'Similar Triangles','July-August','Full',18,'Theorems'),
(49,4,10,9,'Tangents and Secants','November','Week 3-4',15,'Circle properties'),
(50,4,10,10,'Mensuration','December','Full',10,'Surface areas'),
(51,4,10,11,'Trigonometry','August','Full',15,'Identities'),
(52,4,10,12,'Applications of Trigonometry','September','Week 3-4',8,'Heights and distances'),
(53,4,10,13,'Probability','January','Week 3-4',10,'Basic probability'),
(54,4,10,14,'Statistics','July','Week 3-4',15,'Mean, graphs'),
(55,4,10,15,'Mathematical Modelling','January','Week 4',8,'Real-life problems'),
(56,5,10,1,'Reflection of Light at Curved Surfaces','June','Week 1-2',6,'Mirrors, image formation, ray diagrams'),
(57,5,10,2,'Chemical Equations','June','Week 3-4',5,'Types, balancing, reactions'),
(58,5,10,3,'Acids, Bases and Salts','July','Week 1-2',8,'Properties, pH scale'),
(59,5,10,4,'Refraction of Light at Curved Surfaces','July','Week 3-4',9,'Lenses, image formation'),
(60,5,10,5,'Human Eye and Colourful World','August','Week 1-2',8,'Eye defects, dispersion'),
(61,5,10,6,'Structure of Atom','August','Week 3-4',7,'Atomic models'),
(62,5,10,7,'Periodic Table','September','Week 1-2',8,'Classification, trends'),
(63,5,10,8,'Chemical Bonding','September','Week 3-4',10,'Ionic and covalent bonds'),
(64,5,10,9,'Electric Current','October','Week 1-2',9,'Ohm law, circuits'),
(65,5,10,10,'Electromagnetism','October','Week 3-4',10,'Magnetic effects'),
(66,5,10,11,'Principles of Metallurgy','November','Week 1-2',6,'Extraction of metals'),
(67,5,10,12,'Carbon and its Compounds','November','Week 3-4',10,'Hydrocarbons'),
(68,6,10,1,'Nutrition','June','Full',10,'Photosynthesis, digestion'),
(69,6,10,2,'Respiration','July','Week 1-2',10,'Breathing, cellular respiration'),
(70,6,10,3,'Circulation','July','Week 3-4',10,'Blood flow, heart'),
(71,6,10,4,'Excretion','August','Week 1-2',10,'Kidney function'),
(72,6,10,5,'Coordination','September','Full',10,'Nervous system'),
(73,6,10,6,'Reproduction','October','Full',15,'Human and plant reproduction'),
(74,6,10,7,'Coordination in Life Processes','November','Full',10,'Integration'),
(75,6,10,8,'Heredity and Evolution','December','Week 2-3',15,'Genetics'),
(76,6,10,9,'Our Environment','December','Week 4',10,'Ecosystem'),
(77,6,10,10,'Natural Resources','January','Full',10,'Conservation'),
(78,7,10,1,'India: Relief Features','June','Week 1-2',8,'Location, relief divisions'),
(79,7,10,2,'Ideas of Development','June','Week 3-4',7,'Development concepts'),
(80,7,10,3,'Production and Employment','July','Week 1-2',8,'Sectors, employment'),
(81,7,10,4,'Climate of India','July','Week 3-4',8,'Climate and monsoon'),
(82,7,10,5,'Rivers and Water Resources','August','Week 1-2',7,'River systems'),
(83,7,10,6,'Population','August','Week 3-4',6,'Demographics'),
(84,7,10,7,'Settlements and Migration','September','Week 1-2',7,'Migration'),
(85,7,10,8,'Rampur Village Economy','September','Week 3-4',6,'Rural economy'),
(86,7,10,9,'Globalisation','October','Week 1-2',6,'MNCs'),
(87,7,10,10,'Food Security','October','Week 3-4',6,'PDS'),
(88,7,10,11,'Sustainable Development','November','Week 1-2',7,'Sustainability'),
(89,7,10,12,'World Wars','November','Week 3-4',8,'WW1 and WW2'),
(90,7,10,13,'National Liberation','December','Week 1',5,'Colonial struggles'),
(91,7,10,14,'National Movement in India','December','Week 2-3',6,'Freedom struggle'),
(92,7,10,15,'Indian Constitution','December','Week 4',5,'Rights'),
(93,7,10,16,'Election Process','January','Week 1-2',5,'Elections'),
(94,7,10,17,'Independent India','January','Week 3',5,'Nation building'),
(95,7,10,18,'Political Trends','January','Week 4',5,'Reforms'),
(96,7,10,19,'Post-War World','February','Week 1',5,'Cold War'),
(97,7,10,20,'Social Movements','February','Week 2',5,'Movements'),
(98,7,10,21,'Telangana Movement','February','Week 3',6,'State formation');
ALTER TABLE chapters AUTO_INCREMENT = 99;

INSERT INTO topics (id, chapter_id, name, order_num, status) VALUES
(1,1,'కవి పరిచయం మరియు పఠనం',1,'not_started'),
(2,1,'పదార్థం',2,'not_started'),
(3,1,'భావం',3,'not_started'),
(4,1,'విశ్లేషణ',4,'not_started'),
(5,1,'నీతి విలువలు',5,'not_started'),
(6,1,'ప్రశ్నలు మరియు పునర్విమర్శ',6,'not_started'),
(7,2,'పరిచయం',1,'not_started'),
(8,2,'పాఠ్యం చదవడం',2,'not_started'),
(9,2,'భావం',3,'not_started'),
(10,2,'విశ్లేషణ',4,'not_started'),
(11,2,'ఉదాహరణలు',5,'not_started'),
(12,2,'చర్చ',6,'not_started'),
(13,2,'ప్రశ్నలు',7,'not_started'),
(14,3,'కథ ప్రారంభం',1,'not_started'),
(15,3,'పాత్రలు',2,'not_started'),
(16,3,'సంఘటనలు',3,'not_started'),
(17,3,'కొనసాగింపు',4,'not_started'),
(18,3,'క్లైమాక్స్',5,'not_started'),
(19,3,'సందేశం',6,'not_started'),
(20,3,'విశ్లేషణ',7,'not_started'),
(21,3,'ప్రశ్నలు',8,'not_started'),
(22,4,'పరిచయం',1,'not_started'),
(23,4,'పఠనం',2,'not_started'),
(24,4,'పదార్థం',3,'not_started'),
(25,4,'భావం',4,'not_started'),
(26,4,'విశ్లేషణ',5,'not_started'),
(27,4,'ప్రశ్నలు',6,'not_started'),
(28,5,'పరిచయం',1,'not_started'),
(29,5,'జీవితం',2,'not_started'),
(30,5,'సంఘటనలు',3,'not_started'),
(31,5,'విశ్లేషణ',4,'not_started'),
(32,5,'విలువలు',5,'not_started'),
(33,5,'చర్చ',6,'not_started'),
(34,5,'ప్రశ్నలు',7,'not_started'),
(35,6,'పరిచయం',1,'not_started'),
(36,6,'పఠనం',2,'not_started'),
(37,6,'భావం',3,'not_started'),
(38,6,'నీతి',4,'not_started'),
(39,6,'విశ్లేషణ',5,'not_started'),
(40,6,'ప్రశ్నలు',6,'not_started'),
(41,7,'పరిచయం',1,'not_started'),
(42,7,'పాఠనం',2,'not_started'),
(43,7,'భావం',3,'not_started'),
(44,7,'విశ్లేషణ',4,'not_started'),
(45,7,'విలువలు',5,'not_started'),
(46,7,'చర్చ',6,'not_started'),
(47,7,'ప్రశ్నలు',7,'not_started'),
(48,8,'పరిచయం',1,'not_started'),
(49,8,'చరిత్ర',2,'not_started'),
(50,8,'నిర్మాణం',3,'not_started'),
(51,8,'విశ్లేషణ',4,'not_started'),
(52,8,'ప్రాముఖ్యత',5,'not_started'),
(53,8,'ప్రశ్నలు',6,'not_started'),
(54,9,'పరిచయం',1,'not_started'),
(55,9,'పఠనం',2,'not_started'),
(56,9,'భావం',3,'not_started'),
(57,9,'విశ్లేషణ',4,'not_started'),
(58,9,'సందేశం',5,'not_started'),
(59,9,'ప్రశ్నలు',6,'not_started'),
(60,10,'పరిచయం',1,'not_started'),
(61,10,'పాఠనం',2,'not_started'),
(62,10,'భావం',3,'not_started'),
(63,10,'విశ్లేషణ',4,'not_started'),
(64,10,'చర్చ',5,'not_started'),
(65,10,'ప్రశ్నలు',6,'not_started'),
(66,11,'పరిచయం',1,'not_started'),
(67,11,'సంస్కృతి',2,'not_started'),
(68,11,'చరిత్ర',3,'not_started'),
(69,11,'విశ్లేషణ',4,'not_started'),
(70,11,'చర్చ',5,'not_started'),
(71,11,'ప్రశ్నలు',6,'not_started'),
(72,12,'బాలకాండ',1,'not_started'),
(73,12,'బాలకాండ',2,'not_started'),
(74,12,'అరణ్యకాండ',3,'not_started'),
(75,12,'అరణ్యకాండ',4,'not_started'),
(76,12,'సుందరకాండ',5,'not_started'),
(77,12,'సుందరకాండ',6,'not_started'),
(78,12,'యుద్ధకాండ',7,'not_started'),
(79,12,'యుద్ధకాండ',8,'not_started'),
(80,13,'कवि परिचय और पठन',1,'not_started'),
(81,13,'शब्दार्थ',2,'not_started'),
(82,13,'भावार्थ',3,'not_started'),
(83,13,'प्रकृति चित्रण',4,'not_started'),
(84,13,'अलंकार',5,'not_started'),
(85,13,'प्रश्न',6,'not_started'),
(86,14,'कहानी परिचय',1,'not_started'),
(87,14,'कहानी परिचय',2,'not_started'),
(88,14,'पात्र विश्लेषण',3,'not_started'),
(89,14,'पात्र विश्लेषण',4,'not_started'),
(90,14,'घटनाएँ',5,'not_started'),
(91,14,'घटनाएँ',6,'not_started'),
(92,14,'संदेश',7,'not_started'),
(93,14,'प्रश्न',8,'not_started'),
(94,15,'पठन',1,'not_started'),
(95,15,'शब्दार्थ',2,'not_started'),
(96,15,'भाव',3,'not_started'),
(97,15,'विश्लेषण',4,'not_started'),
(98,15,'संदेश',5,'not_started'),
(99,15,'प्रश्न',6,'not_started'),
(100,16,'पठन',1,'not_started'),
(101,16,'अर्थ',2,'not_started'),
(102,16,'भाव',3,'not_started'),
(103,16,'विश्लेषण',4,'not_started'),
(104,16,'मूल्य',5,'not_started'),
(105,16,'प्रश्न',6,'not_started'),
(106,17,'परिचय',1,'not_started'),
(107,17,'पठन',2,'not_started'),
(108,17,'अर्थ',3,'not_started'),
(109,17,'विश्लेषण',4,'not_started'),
(110,17,'महत्व',5,'not_started'),
(111,17,'प्रश्न',6,'not_started'),
(112,18,'परिचय',1,'not_started'),
(113,18,'पत्र संरचना',2,'not_started'),
(114,18,'विषय',3,'not_started'),
(115,18,'लेखन',4,'not_started'),
(116,18,'प्रश्न',5,'not_started'),
(117,19,'पठन',1,'not_started'),
(118,19,'अर्थ',2,'not_started'),
(119,19,'भाव',3,'not_started'),
(120,19,'विश्लेषण',4,'not_started'),
(121,19,'मूल्य',5,'not_started'),
(122,19,'प्रश्न',6,'not_started'),
(123,20,'पठन',1,'not_started'),
(124,20,'पठन',2,'not_started'),
(125,20,'घटनाएँ',3,'not_started'),
(126,20,'घटनाएँ',4,'not_started'),
(127,20,'पात्र',5,'not_started'),
(128,20,'संदेश',6,'not_started'),
(129,20,'प्रश्न',7,'not_started'),
(130,21,'परिचय',1,'not_started'),
(131,21,'यात्रा वर्णन',2,'not_started'),
(132,21,'यात्रा वर्णन',3,'not_started'),
(133,21,'विश्लेषण',4,'not_started'),
(134,21,'महत्व',5,'not_started'),
(135,21,'प्रश्न',6,'not_started'),
(136,22,'पठन',1,'not_started'),
(137,22,'अर्थ',2,'not_started'),
(138,22,'भाव',3,'not_started'),
(139,22,'मूल्य',4,'not_started'),
(140,22,'प्रश्न',5,'not_started'),
(141,23,'पठन',1,'not_started'),
(142,23,'घटनाएँ',2,'not_started'),
(143,23,'घटनाएँ',3,'not_started'),
(144,23,'संदेश',4,'not_started'),
(145,23,'विश्लेषण',5,'not_started'),
(146,23,'प्रश्न',6,'not_started'),
(147,24,'परिचय',1,'not_started'),
(148,24,'साक्षात्कार',2,'not_started'),
(149,24,'साक्षात्कार',3,'not_started'),
(150,24,'विश्लेषण',4,'not_started'),
(151,24,'लेखन',5,'not_started'),
(152,24,'प्रश्न',6,'not_started'),
(153,25,'पठन',1,'not_started'),
(154,25,'पठन',2,'not_started'),
(155,25,'संवाद',3,'not_started'),
(156,25,'प्रश्न',4,'not_started'),
(157,26,'परिचय',1,'not_started'),
(158,26,'पठन',2,'not_started'),
(159,26,'विचार',3,'not_started'),
(160,26,'प्रश्न',4,'not_started'),
(161,27,'पठन',1,'not_started'),
(162,27,'भाव',2,'not_started'),
(163,27,'प्रश्न',3,'not_started'),
(164,28,'पठन',1,'not_started'),
(165,28,'विचार',2,'not_started'),
(166,28,'संदेश',3,'not_started'),
(167,28,'प्रश्न',4,'not_started'),
(168,29,'पठन',1,'not_started'),
(169,29,'भाव',2,'not_started'),
(170,29,'प्रश्न',3,'not_started'),
(171,30,'पठन',1,'not_started'),
(172,30,'घटनाएँ',2,'not_started'),
(173,30,'संदेश',3,'not_started'),
(174,30,'प्रश्न',4,'not_started'),
(175,31,'पठन',1,'not_started'),
(176,31,'जानकारी',2,'not_started'),
(177,31,'चर्चा',3,'not_started'),
(178,31,'प्रश्न',4,'not_started'),
(179,32,'पठन',1,'not_started'),
(180,32,'घटनाएँ',2,'not_started'),
(181,32,'संदेश',3,'not_started'),
(182,32,'प्रश्न',4,'not_started'),
(183,33,'Introduction and theme',1,'not_started'),
(184,33,'Attitude is Altitude',2,'not_started'),
(185,33,'Attitude is Altitude',3,'not_started'),
(186,33,'Vocabulary',4,'not_started'),
(187,33,'Grammar: Relative Clauses',5,'not_started'),
(188,33,'Every Success Story',6,'not_started'),
(189,33,'Every Success Story',7,'not_started'),
(190,33,'I Will Do It',8,'not_started'),
(191,33,'I Will Do It',9,'not_started'),
(192,33,'Writing: Biography',10,'not_started'),
(193,33,'Activities and speaking',11,'not_started'),
(194,33,'Revision',12,'not_started'),
(195,34,'Introduction',1,'not_started'),
(196,34,'The Dear Departed Part I',2,'not_started'),
(197,34,'The Dear Departed Part I',3,'not_started'),
(198,34,'The Dear Departed Part I',4,'not_started'),
(199,34,'The Dear Departed Part II',5,'not_started'),
(200,34,'The Dear Departed Part II',6,'not_started'),
(201,34,'The Brave Potter',7,'not_started'),
(202,34,'The Brave Potter',8,'not_started'),
(203,34,'Vocabulary',9,'not_started'),
(204,34,'Grammar',10,'not_started'),
(205,34,'Writing: Dialogue',11,'not_started'),
(206,34,'Revision',12,'not_started'),
(207,35,'Introduction',1,'not_started'),
(208,35,'The Journey',2,'not_started'),
(209,35,'The Journey',3,'not_started'),
(210,35,'The Journey',4,'not_started'),
(211,35,'Another Woman (Poem)',5,'not_started'),
(212,35,'The Never-Never Nest',6,'not_started'),
(213,35,'The Never-Never Nest',7,'not_started'),
(214,35,'Vocabulary',8,'not_started'),
(215,35,'Writing',9,'not_started'),
(216,35,'Revision',10,'not_started'),
(217,36,'Introduction',1,'not_started'),
(218,36,'Rendezvous with Ray',2,'not_started'),
(219,36,'Rendezvous with Ray',3,'not_started'),
(220,36,'Rendezvous with Ray',4,'not_started'),
(221,36,'Maya Bazaar',5,'not_started'),
(222,36,'Maya Bazaar',6,'not_started'),
(223,36,'Tribute',7,'not_started'),
(224,36,'Vocabulary',8,'not_started'),
(225,36,'Writing',9,'not_started'),
(226,36,'Revision',10,'not_started'),
(227,37,'Introduction',1,'not_started'),
(228,37,'The Storeyed House Part I',2,'not_started'),
(229,37,'The Storeyed House Part I',3,'not_started'),
(230,37,'The Storeyed House Part I',4,'not_started'),
(231,37,'The Storeyed House Part II',5,'not_started'),
(232,37,'The Storeyed House Part II',6,'not_started'),
(233,37,'Abandoned (Poem)',7,'not_started'),
(234,37,'Vocabulary',8,'not_started'),
(235,37,'Writing',9,'not_started'),
(236,37,'Revision',10,'not_started'),
(237,38,'Introduction',1,'not_started'),
(238,38,'Environment',2,'not_started'),
(239,38,'Environment',3,'not_started'),
(240,38,'Environment',4,'not_started'),
(241,38,'Or Will the Dreamer Wake?',5,'not_started'),
(242,38,'A Tale of Three Villages',6,'not_started'),
(243,38,'A Tale of Three Villages',7,'not_started'),
(244,38,'Vocabulary',8,'not_started'),
(245,38,'Writing',9,'not_started'),
(246,38,'Revision',10,'not_started'),
(247,39,'Introduction',1,'not_started'),
(248,39,'My Childhood',2,'not_started'),
(249,39,'My Childhood',3,'not_started'),
(250,39,'My Childhood',4,'not_started'),
(251,39,'A Plea for India',5,'not_started'),
(252,39,'Unity in Diversity',6,'not_started'),
(253,39,'Unity in Diversity',7,'not_started'),
(254,39,'Vocabulary',8,'not_started'),
(255,39,'Writing',9,'not_started'),
(256,39,'Revision',10,'not_started'),
(257,40,'Introduction',1,'not_started'),
(258,40,'Jamaican Fragment',2,'not_started'),
(259,40,'Jamaican Fragment',3,'not_started'),
(260,40,'Jamaican Fragment',4,'not_started'),
(261,40,'Once Upon a Time',5,'not_started'),
(262,40,'What is My Name?',6,'not_started'),
(263,40,'What is My Name?',7,'not_started'),
(264,40,'Vocabulary',8,'not_started'),
(265,40,'Writing',9,'not_started'),
(266,40,'Revision',10,'not_started'),
(267,41,'Introduction and Euclid algorithm',1,'not_started'),
(268,41,'Introduction and Euclid algorithm',2,'not_started'),
(269,41,'HCF problems',3,'not_started'),
(270,41,'HCF problems',4,'not_started'),
(271,41,'Fundamental theorem of arithmetic',5,'not_started'),
(272,41,'Fundamental theorem of arithmetic',6,'not_started'),
(273,41,'Prime factorisation',7,'not_started'),
(274,41,'Prime factorisation',8,'not_started'),
(275,41,'Decimal expansions',9,'not_started'),
(276,41,'Decimal expansions',10,'not_started'),
(277,41,'Rational vs irrational numbers',11,'not_started'),
(278,41,'Rational vs irrational numbers',12,'not_started'),
(279,41,'Proof problems',13,'not_started'),
(280,41,'Proof problems',14,'not_started'),
(281,41,'Revision',15,'not_started'),
(282,42,'Introduction',1,'not_started'),
(283,42,'Types of sets',2,'not_started'),
(284,42,'Union and intersection',3,'not_started'),
(285,42,'Union and intersection',4,'not_started'),
(286,42,'Complement',5,'not_started'),
(287,42,'Venn diagrams',6,'not_started'),
(288,42,'Problems',7,'not_started'),
(289,42,'Revision',8,'not_started'),
(290,43,'Introduction',1,'not_started'),
(291,43,'Zeros of polynomials',2,'not_started'),
(292,43,'Zeros of polynomials',3,'not_started'),
(293,43,'Graphs',4,'not_started'),
(294,43,'Graphs',5,'not_started'),
(295,43,'Relations',6,'not_started'),
(296,43,'Problems',7,'not_started'),
(297,43,'Revision',8,'not_started'),
(298,44,'Introduction',1,'not_started'),
(299,44,'Introduction',2,'not_started'),
(300,44,'Graphical method',3,'not_started'),
(301,44,'Graphical method',4,'not_started'),
(302,44,'Graphical method',5,'not_started'),
(303,44,'Substitution method',6,'not_started'),
(304,44,'Substitution method',7,'not_started'),
(305,44,'Substitution method',8,'not_started'),
(306,44,'Elimination method',9,'not_started'),
(307,44,'Elimination method',10,'not_started'),
(308,44,'Elimination method',11,'not_started'),
(309,44,'Word problems',12,'not_started'),
(310,44,'Word problems',13,'not_started'),
(311,44,'Revision',14,'not_started'),
(312,44,'Revision',15,'not_started'),
(313,45,'Introduction',1,'not_started'),
(314,45,'Introduction',2,'not_started'),
(315,45,'Factorisation',3,'not_started'),
(316,45,'Factorisation',4,'not_started'),
(317,45,'Factorisation',5,'not_started'),
(318,45,'Quadratic formula',6,'not_started'),
(319,45,'Quadratic formula',7,'not_started'),
(320,45,'Quadratic formula',8,'not_started'),
(321,45,'Discriminant',9,'not_started'),
(322,45,'Problems',10,'not_started'),
(323,45,'Revision',11,'not_started'),
(324,46,'Introduction',1,'not_started'),
(325,46,'Introduction',2,'not_started'),
(326,46,'nth term',3,'not_started'),
(327,46,'nth term',4,'not_started'),
(328,46,'nth term',5,'not_started'),
(329,46,'Sum formula',6,'not_started'),
(330,46,'Sum formula',7,'not_started'),
(331,46,'Sum formula',8,'not_started'),
(332,46,'Problems',9,'not_started'),
(333,46,'Problems',10,'not_started'),
(334,46,'Revision',11,'not_started'),
(335,47,'Basics',1,'not_started'),
(336,47,'Basics',2,'not_started'),
(337,47,'Distance formula',3,'not_started'),
(338,47,'Distance formula',4,'not_started'),
(339,47,'Distance formula',5,'not_started'),
(340,47,'Distance formula',6,'not_started'),
(341,47,'Section formula',7,'not_started'),
(342,47,'Section formula',8,'not_started'),
(343,47,'Section formula',9,'not_started'),
(344,47,'Problems',10,'not_started'),
(345,47,'Problems',11,'not_started'),
(346,47,'Revision',12,'not_started'),
(347,48,'Introduction',1,'not_started'),
(348,48,'Introduction',2,'not_started'),
(349,48,'Introduction',3,'not_started'),
(350,48,'Criteria of similarity',4,'not_started'),
(351,48,'Criteria of similarity',5,'not_started'),
(352,48,'Criteria of similarity',6,'not_started'),
(353,48,'Criteria of similarity',7,'not_started'),
(354,48,'Theorems',8,'not_started'),
(355,48,'Theorems',9,'not_started'),
(356,48,'Theorems',10,'not_started'),
(357,48,'Theorems',11,'not_started'),
(358,48,'Applications',12,'not_started'),
(359,48,'Applications',13,'not_started'),
(360,48,'Applications',14,'not_started'),
(361,48,'Applications',15,'not_started'),
(362,48,'Problems',16,'not_started'),
(363,48,'Problems',17,'not_started'),
(364,48,'Revision',18,'not_started'),
(365,49,'Introduction',1,'not_started'),
(366,49,'Introduction',2,'not_started'),
(367,49,'Introduction',3,'not_started'),
(368,49,'Tangents',4,'not_started'),
(369,49,'Tangents',5,'not_started'),
(370,49,'Tangents',6,'not_started'),
(371,49,'Tangents',7,'not_started'),
(372,49,'Secants',8,'not_started'),
(373,49,'Secants',9,'not_started'),
(374,49,'Secants',10,'not_started'),
(375,49,'Secants',11,'not_started'),
(376,49,'Problems',12,'not_started'),
(377,49,'Problems',13,'not_started'),
(378,49,'Problems',14,'not_started'),
(379,49,'Revision',15,'not_started'),
(380,50,'Introduction',1,'not_started'),
(381,50,'Introduction',2,'not_started'),
(382,50,'Surface area',3,'not_started'),
(383,50,'Surface area',4,'not_started'),
(384,50,'Surface area',5,'not_started'),
(385,50,'Volume',6,'not_started'),
(386,50,'Volume',7,'not_started'),
(387,50,'Volume',8,'not_started'),
(388,50,'Problems',9,'not_started'),
(389,50,'Revision',10,'not_started'),
(390,51,'Introduction',1,'not_started'),
(391,51,'Introduction',2,'not_started'),
(392,51,'Introduction',3,'not_started'),
(393,51,'Trigonometric ratios',4,'not_started'),
(394,51,'Trigonometric ratios',5,'not_started'),
(395,51,'Trigonometric ratios',6,'not_started'),
(396,51,'Trigonometric ratios',7,'not_started'),
(397,51,'Identities',8,'not_started'),
(398,51,'Identities',9,'not_started'),
(399,51,'Identities',10,'not_started'),
(400,51,'Identities',11,'not_started'),
(401,51,'Problems',12,'not_started'),
(402,51,'Problems',13,'not_started'),
(403,51,'Problems',14,'not_started'),
(404,51,'Revision',15,'not_started'),
(405,52,'Basics',1,'not_started'),
(406,52,'Basics',2,'not_started'),
(407,52,'Heights and distances',3,'not_started'),
(408,52,'Heights and distances',4,'not_started'),
(409,52,'Heights and distances',5,'not_started'),
(410,52,'Heights and distances',6,'not_started'),
(411,52,'Case study',7,'not_started'),
(412,52,'Revision',8,'not_started'),
(413,53,'Introduction',1,'not_started'),
(414,53,'Introduction',2,'not_started'),
(415,53,'Probability concepts',3,'not_started'),
(416,53,'Probability concepts',4,'not_started'),
(417,53,'Probability concepts',5,'not_started'),
(418,53,'Probability concepts',6,'not_started'),
(419,53,'Problems',7,'not_started'),
(420,53,'Problems',8,'not_started'),
(421,53,'Problems',9,'not_started'),
(422,53,'Revision',10,'not_started'),
(423,54,'Introduction',1,'not_started'),
(424,54,'Introduction',2,'not_started'),
(425,54,'Introduction',3,'not_started'),
(426,54,'Mean',4,'not_started'),
(427,54,'Mean',5,'not_started'),
(428,54,'Mean',6,'not_started'),
(429,54,'Mean',7,'not_started'),
(430,54,'Median',8,'not_started'),
(431,54,'Median',9,'not_started'),
(432,54,'Median',10,'not_started'),
(433,54,'Median',11,'not_started'),
(434,54,'Graphs',12,'not_started'),
(435,54,'Graphs',13,'not_started'),
(436,54,'Graphs',14,'not_started'),
(437,54,'Revision',15,'not_started'),
(438,55,'Introduction to modelling',1,'not_started'),
(439,55,'Introduction to modelling',2,'not_started'),
(440,55,'Introduction to modelling',3,'not_started'),
(441,55,'Applications',4,'not_started'),
(442,55,'Applications',5,'not_started'),
(443,55,'Applications',6,'not_started'),
(444,55,'Problems',7,'not_started'),
(445,55,'Problems',8,'not_started'),
(446,56,'Reflection Basics',1,'not_started'),
(447,56,'Spherical Mirrors',2,'not_started'),
(448,56,'Concave Mirror',3,'not_started'),
(449,56,'Convex Mirror',4,'not_started'),
(450,56,'Image Formation Rules',5,'not_started'),
(451,56,'Ray Diagrams',6,'not_started'),
(452,56,'Mirror Formula',7,'not_started'),
(453,56,'Magnification',8,'not_started'),
(454,57,'Writing Chemical Equations',1,'not_started'),
(455,57,'Balancing Equations',2,'not_started'),
(456,57,'Types of Reactions',3,'not_started'),
(457,57,'Combination',4,'not_started'),
(458,57,'Decomposition',5,'not_started'),
(459,58,'Properties of Acids & Bases',1,'not_started'),
(460,58,'Indicators and pH scale',2,'not_started'),
(461,58,'Strength of Acids/Bases',3,'not_started'),
(462,58,'Chemical Reactions',4,'not_started'),
(463,58,'Salts Formation',5,'not_started'),
(464,58,'Uses in Daily Life',6,'not_started'),
(465,58,'Practice',7,'not_started'),
(466,58,'Revision',8,'not_started'),
(467,59,'Refraction Basics',1,'not_started'),
(468,59,'Laws of Refraction',2,'not_started'),
(469,59,'Lenses',3,'not_started'),
(470,59,'Convex Lens',4,'not_started'),
(471,59,'Concave Lens',5,'not_started'),
(472,59,'Image Formation',6,'not_started'),
(473,59,'Lens Formula',7,'not_started'),
(474,59,'Magnification',8,'not_started'),
(475,60,'Structure of Eye',1,'not_started'),
(476,60,'Image Formation in Eye',2,'not_started'),
(477,60,'Defects of Vision',3,'not_started'),
(478,60,'Myopia',4,'not_started'),
(479,60,'Hypermetropia',5,'not_started'),
(480,60,'Dispersion of Light',6,'not_started'),
(481,60,'Scattering of Light',7,'not_started'),
(482,60,'Revision',8,'not_started'),
(483,61,'Atomic Models',1,'not_started'),
(484,61,'Dalton',2,'not_started'),
(485,61,'Thomson',3,'not_started'),
(486,61,'Rutherford',4,'not_started'),
(487,61,'Bohr',5,'not_started'),
(488,61,'Subatomic Particles',6,'not_started'),
(489,61,'Revision',7,'not_started'),
(490,62,'Classification of Elements',1,'not_started'),
(491,62,'Modern Periodic Table',2,'not_started'),
(492,62,'Periods & Groups',3,'not_started'),
(493,62,'Trends',4,'not_started'),
(494,62,'Atomic Size',5,'not_started'),
(495,62,'Valency',6,'not_started'),
(496,62,'Reactivity',7,'not_started'),
(497,62,'Revision',8,'not_started'),
(498,63,'Ionic Bonding',1,'not_started'),
(499,63,'Covalent Bonding',2,'not_started'),
(500,63,'Properties of Compounds',3,'not_started'),
(501,63,'Formation of Molecules',4,'not_started'),
(502,63,'Chemical Structures',5,'not_started'),
(503,63,'Applications',6,'not_started'),
(504,63,'Practice',7,'not_started'),
(505,63,'Revision',8,'not_started'),
(506,64,'Electric Current',1,'not_started'),
(507,64,'Potential Difference',2,'not_started'),
(508,64,'Ohm’s Law',3,'not_started'),
(509,64,'Resistance',4,'not_started'),
(510,64,'Series & Parallel Circuits',5,'not_started'),
(511,64,'Electric Power',6,'not_started'),
(512,64,'Practice',7,'not_started'),
(513,64,'Revision',8,'not_started'),
(514,65,'Magnetic Effects of Current',1,'not_started'),
(515,65,'Electromagnets',2,'not_started'),
(516,65,'Fleming’s Rules',3,'not_started'),
(517,65,'Electric Motor',4,'not_started'),
(518,65,'Generator',5,'not_started'),
(519,65,'Electromagnetic Induction',6,'not_started'),
(520,65,'Applications',7,'not_started'),
(521,65,'Revision',8,'not_started'),
(522,66,'Occurrence of Metals',1,'not_started'),
(523,66,'Extraction of Metals',2,'not_started'),
(524,66,'Concentration of Ores',3,'not_started'),
(525,66,'Refining',4,'not_started'),
(526,66,'Corrosion',5,'not_started'),
(527,66,'Revision',6,'not_started'),
(528,67,'Properties of Carbon',1,'not_started'),
(529,67,'Covalent Bonding in Carbon',2,'not_started'),
(530,67,'Hydrocarbons',3,'not_started'),
(531,67,'Functional Groups',4,'not_started'),
(532,67,'Homologous Series',5,'not_started'),
(533,67,'Uses of Carbon Compounds',6,'not_started'),
(534,67,'Applications',7,'not_started'),
(535,67,'Revision',8,'not_started'),
(536,68,'Introduction and types of nutrition',1,'not_started'),
(537,68,'Autotrophic nutrition',2,'not_started'),
(538,68,'Photosynthesis process',3,'not_started'),
(539,68,'Factors affecting photosynthesis',4,'not_started'),
(540,68,'Experiments',5,'not_started'),
(541,68,'Heterotrophic nutrition',6,'not_started'),
(542,68,'Digestive system',7,'not_started'),
(543,68,'Enzymes and digestion',8,'not_started'),
(544,68,'Diseases',9,'not_started'),
(545,68,'Revision',10,'not_started'),
(546,69,'Introduction',1,'not_started'),
(547,69,'Breathing process',2,'not_started'),
(548,69,'Lungs structure',3,'not_started'),
(549,69,'Gaseous exchange',4,'not_started'),
(550,69,'Transport of gases',5,'not_started'),
(551,69,'Cellular respiration',6,'not_started'),
(552,69,'Aerobic respiration',7,'not_started'),
(553,69,'Anaerobic respiration',8,'not_started'),
(554,69,'Differences',9,'not_started'),
(555,69,'Revision',10,'not_started'),
(556,70,'Blood components',1,'not_started'),
(557,70,'Functions',2,'not_started'),
(558,70,'Heart structure',3,'not_started'),
(559,70,'Working of heart',4,'not_started'),
(560,70,'Double circulation',5,'not_started'),
(561,70,'Blood vessels',6,'not_started'),
(562,70,'Lymph',7,'not_started'),
(563,70,'Disorders',8,'not_started'),
(564,70,'Diagram practice',9,'not_started'),
(565,70,'Revision',10,'not_started'),
(566,71,'Introduction',1,'not_started'),
(567,71,'Human excretory system',2,'not_started'),
(568,71,'Kidney structure',3,'not_started'),
(569,71,'Nephron',4,'not_started'),
(570,71,'Urine formation',5,'not_started'),
(571,71,'Excretion in plants',6,'not_started'),
(572,71,'Disorders',7,'not_started'),
(573,71,'Dialysis',8,'not_started'),
(574,71,'Diagram',9,'not_started'),
(575,71,'Revision',10,'not_started'),
(576,72,'Introduction',1,'not_started'),
(577,72,'Nervous system',2,'not_started'),
(578,72,'Brain structure',3,'not_started'),
(579,72,'Reflex actions',4,'not_started'),
(580,72,'Hormones',5,'not_started'),
(581,72,'Endocrine glands',6,'not_started'),
(582,72,'Coordination in plants',7,'not_started'),
(583,72,'Tropism',8,'not_started'),
(584,72,'Differences',9,'not_started'),
(585,72,'Revision',10,'not_started'),
(586,73,'Introduction',1,'not_started'),
(587,73,'Asexual methods',2,'not_started'),
(588,73,'Binary fission',3,'not_started'),
(589,73,'Budding',4,'not_started'),
(590,73,'Vegetative propagation',5,'not_started'),
(591,73,'Sexual reproduction',6,'not_started'),
(592,73,'Male system',7,'not_started'),
(593,73,'Female system',8,'not_started'),
(594,73,'Fertilization',9,'not_started'),
(595,73,'Development',10,'not_started'),
(596,73,'Reproductive health',11,'not_started'),
(597,73,'Diseases',12,'not_started'),
(598,73,'Population control',13,'not_started'),
(599,73,'Case study',14,'not_started'),
(600,73,'Revision',15,'not_started'),
(601,74,'System integration',1,'not_started'),
(602,74,'System integration',2,'not_started'),
(603,74,'System integration',3,'not_started'),
(604,74,'Hormonal control',4,'not_started'),
(605,74,'Hormonal control',5,'not_started'),
(606,74,'Case studies',6,'not_started'),
(607,74,'Case studies',7,'not_started'),
(608,74,'Case studies',8,'not_started'),
(609,74,'Revision',9,'not_started'),
(610,75,'Introduction',1,'not_started'),
(611,75,'Mendel',2,'not_started'),
(612,75,'Laws',3,'not_started'),
(613,75,'Traits',4,'not_started'),
(614,75,'Punnett square',5,'not_started'),
(615,75,'Variation',6,'not_started'),
(616,75,'Evolution',7,'not_started'),
(617,75,'Natural selection',8,'not_started'),
(618,75,'Darwin theory',9,'not_started'),
(619,75,'Human evolution',10,'not_started'),
(620,75,'Case studies',11,'not_started'),
(621,75,'Case studies',12,'not_started'),
(622,75,'Case studies',13,'not_started'),
(623,75,'Case studies',14,'not_started'),
(624,75,'Revision',15,'not_started'),
(625,76,'Ecosystem',1,'not_started'),
(626,76,'Components',2,'not_started'),
(627,76,'Food chains',3,'not_started'),
(628,76,'Food web',4,'not_started'),
(629,76,'Energy flow',5,'not_started'),
(630,76,'Pollution',6,'not_started'),
(631,76,'Waste management',7,'not_started'),
(632,76,'Conservation',8,'not_started'),
(633,76,'Case study',9,'not_started'),
(634,76,'Revision',10,'not_started'),
(635,77,'Introduction',1,'not_started'),
(636,77,'Air',2,'not_started'),
(637,77,'Water',3,'not_started'),
(638,77,'Soil',4,'not_started'),
(639,77,'Forest',5,'not_started'),
(640,77,'Energy',6,'not_started'),
(641,77,'Sustainable use',7,'not_started'),
(642,77,'Environmental issues',8,'not_started'),
(643,77,'Case study',9,'not_started'),
(644,77,'Revision',10,'not_started'),
(645,78,'Location and map',1,'not_started'),
(646,78,'Latitudes and longitudes',2,'not_started'),
(647,78,'Geological history',3,'not_started'),
(648,78,'Himalayas',4,'not_started'),
(649,78,'Plains',5,'not_started'),
(650,78,'Plateau',6,'not_started'),
(651,78,'Desert and coast',7,'not_started'),
(652,78,'Revision',8,'not_started'),
(653,79,'Introduction',1,'not_started'),
(654,79,'Goals',2,'not_started'),
(655,79,'Conflicts',3,'not_started'),
(656,79,'Income',4,'not_started'),
(657,79,'Public facilities',5,'not_started'),
(658,79,'HDI',6,'not_started'),
(659,79,'Revision',7,'not_started'),
(660,80,'Introduction',1,'not_started'),
(661,80,'Primary sector',2,'not_started'),
(662,80,'Secondary sector',3,'not_started'),
(663,80,'Tertiary sector',4,'not_started'),
(664,80,'Employment types',5,'not_started'),
(665,80,'Organized and unorganized',6,'not_started'),
(666,80,'Case study',7,'not_started'),
(667,80,'Revision',8,'not_started'),
(668,81,'Climate basics',1,'not_started'),
(669,81,'Factors',2,'not_started'),
(670,81,'Monsoon',3,'not_started'),
(671,81,'Seasons',4,'not_started'),
(672,81,'Rainfall',5,'not_started'),
(673,81,'Regions',6,'not_started'),
(674,81,'Map work',7,'not_started'),
(675,81,'Revision',8,'not_started'),
(676,82,'Introduction',1,'not_started'),
(677,82,'Himalayan rivers',2,'not_started'),
(678,82,'Peninsular rivers',3,'not_started'),
(679,82,'Irrigation',4,'not_started'),
(680,82,'Conservation',5,'not_started'),
(681,82,'Issues',6,'not_started'),
(682,82,'Revision',7,'not_started'),
(683,83,'Introduction',1,'not_started'),
(684,83,'Growth',2,'not_started'),
(685,83,'Density',3,'not_started'),
(686,83,'Literacy',4,'not_started'),
(687,83,'Migration',5,'not_started'),
(688,83,'Revision',6,'not_started'),
(689,84,'Types of settlements',1,'not_started'),
(690,84,'Rural',2,'not_started'),
(691,84,'Urban',3,'not_started'),
(692,84,'Migration types',4,'not_started'),
(693,84,'Causes',5,'not_started'),
(694,84,'Effects',6,'not_started'),
(695,84,'Revision',7,'not_started'),
(696,85,'Village introduction',1,'not_started'),
(697,85,'Farming',2,'not_started'),
(698,85,'Non-farm activities',3,'not_started'),
(699,85,'Credit',4,'not_started'),
(700,85,'Issues',5,'not_started'),
(701,85,'Revision',6,'not_started'),
(702,86,'Meaning',1,'not_started'),
(703,86,'Liberalisation',2,'not_started'),
(704,86,'MNCs',3,'not_started'),
(705,86,'Impact',4,'not_started'),
(706,86,'Pros and cons',5,'not_started'),
(707,86,'Revision',6,'not_started'),
(708,87,'Meaning',1,'not_started'),
(709,87,'PDS',2,'not_started'),
(710,87,'Buffer stock',3,'not_started'),
(711,87,'Programs',4,'not_started'),
(712,87,'Issues',5,'not_started'),
(713,87,'Revision',6,'not_started'),
(714,88,'Meaning',1,'not_started'),
(715,88,'Resources',2,'not_started'),
(716,88,'Issues',3,'not_started'),
(717,88,'Conservation',4,'not_started'),
(718,88,'Equity',5,'not_started'),
(719,88,'Case study',6,'not_started'),
(720,88,'Revision',7,'not_started'),
(721,89,'Causes of WW1',1,'not_started'),
(722,89,'WW1 events',2,'not_started'),
(723,89,'Aftermath',3,'not_started'),
(724,89,'Causes of WW2',4,'not_started'),
(725,89,'WW2 events',5,'not_started'),
(726,89,'Impact',6,'not_started'),
(727,89,'Comparison',7,'not_started'),
(728,89,'Revision',8,'not_started'),
(729,90,'Movements overview',1,'not_started'),
(730,90,'Movements overview',2,'not_started'),
(731,90,'Movements overview',3,'not_started'),
(732,90,'Movements overview',4,'not_started'),
(733,90,'Revision',5,'not_started'),
(734,91,'Freedom struggle overview',1,'not_started'),
(735,91,'Freedom struggle overview',2,'not_started'),
(736,91,'Freedom struggle overview',3,'not_started'),
(737,91,'Freedom struggle overview',4,'not_started'),
(738,91,'Freedom struggle overview',5,'not_started'),
(739,91,'Revision',6,'not_started'),
(740,92,'Constitution features',1,'not_started'),
(741,92,'Constitution features',2,'not_started'),
(742,92,'Constitution features',3,'not_started'),
(743,92,'Constitution features',4,'not_started'),
(744,92,'Revision',5,'not_started'),
(745,93,'Election process overview',1,'not_started'),
(746,93,'Election process overview',2,'not_started'),
(747,93,'Election process overview',3,'not_started'),
(748,93,'Election process overview',4,'not_started'),
(749,93,'Revision',5,'not_started'),
(750,94,'Development overview',1,'not_started'),
(751,94,'Development overview',2,'not_started'),
(752,94,'Development overview',3,'not_started'),
(753,94,'Development overview',4,'not_started'),
(754,94,'Revision',5,'not_started'),
(755,95,'Political changes',1,'not_started'),
(756,95,'Political changes',2,'not_started'),
(757,95,'Political changes',3,'not_started'),
(758,95,'Political changes',4,'not_started'),
(759,95,'Revision',5,'not_started'),
(760,96,'Cold War overview',1,'not_started'),
(761,96,'Cold War overview',2,'not_started'),
(762,96,'Cold War overview',3,'not_started'),
(763,96,'Cold War overview',4,'not_started'),
(764,96,'Revision',5,'not_started'),
(765,97,'Types of movements',1,'not_started'),
(766,97,'Types of movements',2,'not_started'),
(767,97,'Types of movements',3,'not_started'),
(768,97,'Types of movements',4,'not_started'),
(769,97,'Revision',5,'not_started'),
(770,98,'Telangana movement overview',1,'not_started'),
(771,98,'Telangana movement overview',2,'not_started'),
(772,98,'Telangana movement overview',3,'not_started'),
(773,98,'Telangana movement overview',4,'not_started'),
(774,98,'Telangana movement overview',5,'not_started'),
(775,98,'Revision',6,'not_started');
ALTER TABLE topics AUTO_INCREMENT = 776;

INSERT INTO topic_micro_lessons (topic_id, period_no, concept_text, plan_text) VALUES
(1,1,'కవి పరిచయం మరియు పఠనం','Poet introduction and poem reading'),
(2,2,'పదార్థం','Word meanings and vocabulary'),
(3,3,'భావం','Theme and interpretation'),
(4,4,'విశ్లేషణ','Analysis and discussion'),
(5,5,'నీతి విలువలు','Moral values'),
(6,6,'ప్రశ్నలు మరియు పునర్విమర్శ','Questions and revision'),
(7,1,'పరిచయం','Introduction to mother tongue importance'),
(8,2,'పాఠ్యం చదవడం','Reading the lesson text'),
(9,3,'భావం','Theme and interpretation'),
(10,4,'విశ్లేషణ','Literary analysis'),
(11,5,'ఉదాహరణలు','Examples from society'),
(12,6,'చర్చ','Class discussion'),
(13,7,'ప్రశ్నలు','Questions and exercises'),
(14,1,'కథ ప్రారంభం','Story introduction'),
(15,2,'పాత్రలు','Characters'),
(16,3,'సంఘటనలు','Events'),
(17,4,'కొనసాగింపు','Continuity and plot'),
(18,5,'క్లైమాక్స్','Climax'),
(19,6,'సందేశం','Message'),
(20,7,'విశ్లేషణ','Analysis'),
(21,8,'ప్రశ్నలు','Questions'),
(22,1,'పరిచయం','Introduction'),
(23,2,'పఠనం','Reading'),
(24,3,'పదార్థం','Word meanings'),
(25,4,'భావం','Theme'),
(26,5,'విశ్లేషణ','Analysis'),
(27,6,'ప్రశ్నలు','Questions'),
(28,1,'పరిచయం','Author introduction'),
(29,2,'జీవితం','Life sketch'),
(30,3,'సంఘటనలు','Key events'),
(31,4,'విశ్లేషణ','Analysis'),
(32,5,'విలువలు','Values'),
(33,6,'చర్చ','Discussion'),
(34,7,'ప్రశ్నలు','Questions'),
(35,1,'పరిచయం','Introduction to śataka'),
(36,2,'పఠనం','Reading'),
(37,3,'భావం','Meaning'),
(38,4,'నీతి','Ethics'),
(39,5,'విశ్లేషణ','Analysis'),
(40,6,'ప్రశ్నలు','Questions'),
(41,1,'పరిచయం','Introduction'),
(42,2,'పాఠనం','Reading'),
(43,3,'భావం','Theme'),
(44,4,'విశ్లేషణ','Analysis'),
(45,5,'విలువలు','Values'),
(46,6,'చర్చ','Discussion'),
(47,7,'ప్రశ్నలు','Questions'),
(48,1,'పరిచయం','Introduction'),
(49,2,'చరిత్ర','History'),
(50,3,'నిర్మాణం','Architecture'),
(51,4,'విశ్లేషణ','Analysis'),
(52,5,'ప్రాముఖ్యత','Significance'),
(53,6,'ప్రశ్నలు','Questions'),
(54,1,'పరిచయం','Introduction'),
(55,2,'పఠనం','Reading'),
(56,3,'భావం','Theme'),
(57,4,'విశ్లేషణ','Analysis'),
(58,5,'సందేశం','Message'),
(59,6,'ప్రశ్నలు','Questions'),
(60,1,'పరిచయం','Introduction'),
(61,2,'పాఠనం','Reading'),
(62,3,'భావం','Theme'),
(63,4,'విశ్లేషణ','Analysis'),
(64,5,'చర్చ','Discussion'),
(65,6,'ప్రశ్నలు','Questions'),
(66,1,'పరిచయం','Introduction'),
(67,2,'సంస్కృతి','Culture'),
(68,3,'చరిత్ర','History'),
(69,4,'విశ్లేషణ','Analysis'),
(70,5,'చర్చ','Discussion'),
(71,6,'ప్రశ్నలు','Questions'),
(72,1,'బాలకాండ','Bālakāṇḍa overview'),
(73,2,'బాలకాండ','Bālakāṇḍa continued'),
(74,3,'అరణ్యకాండ','Araṇyakāṇḍa overview'),
(75,4,'అరణ్యకాండ','Araṇyakāṇḍa continued'),
(76,5,'సుందరకాండ','Sundarakāṇḍa overview'),
(77,6,'సుందరకాండ','Sundarakāṇḍa continued'),
(78,7,'యుద్ధకాండ','Yuddhakāṇḍa overview'),
(79,8,'యుద్ధకాండ','Yuddhakāṇḍa continued'),
(80,1,'कवि परिचय और पठन','Poet intro and poem reading'),
(81,2,'शब्दार्थ','Vocabulary'),
(82,3,'भावार्थ','Meaning'),
(83,4,'प्रकृति चित्रण','Nature description'),
(84,5,'अलंकार','Figures of speech'),
(85,6,'प्रश्न','Questions and revision'),
(86,1,'कहानी परिचय','Story introduction'),
(87,2,'कहानी परिचय','Story introduction continued'),
(88,3,'पात्र विश्लेषण','Character analysis'),
(89,4,'पात्र विश्लेषण','Character analysis continued'),
(90,5,'घटनाएँ','Events'),
(91,6,'घटनाएँ','Events continued'),
(92,7,'संदेश','Message'),
(93,8,'प्रश्न','Questions'),
(94,1,'पठन','Reading'),
(95,2,'शब्दार्थ','Vocabulary'),
(96,3,'भाव','Theme'),
(97,4,'विश्लेषण','Analysis'),
(98,5,'संदेश','Message'),
(99,6,'प्रश्न','Questions'),
(100,1,'पठन','Reading'),
(101,2,'अर्थ','Meaning'),
(102,3,'भाव','Theme'),
(103,4,'विश्लेषण','Analysis'),
(104,5,'मूल्य','Values'),
(105,6,'प्रश्न','Questions'),
(106,1,'परिचय','Introduction'),
(107,2,'पठन','Reading'),
(108,3,'अर्थ','Meaning'),
(109,4,'विश्लेषण','Analysis'),
(110,5,'महत्व','Importance'),
(111,6,'प्रश्न','Questions'),
(112,1,'परिचय','Introduction'),
(113,2,'पत्र संरचना','Letter format'),
(114,3,'विषय','Content'),
(115,4,'लेखन','Writing'),
(116,5,'प्रश्न','Questions'),
(117,1,'पठन','Reading'),
(118,2,'अर्थ','Meaning'),
(119,3,'भाव','Theme'),
(120,4,'विश्लेषण','Analysis'),
(121,5,'मूल्य','Values'),
(122,6,'प्रश्न','Questions'),
(123,1,'पठन','Reading'),
(124,2,'पठन','Reading continued'),
(125,3,'घटनाएँ','Events'),
(126,4,'घटनाएँ','Events continued'),
(127,5,'पात्र','Characters'),
(128,6,'संदेश','Message'),
(129,7,'प्रश्न','Questions'),
(130,1,'परिचय','Introduction'),
(131,2,'यात्रा वर्णन','Travel description'),
(132,3,'यात्रा वर्णन','Travel description continued'),
(133,4,'विश्लेषण','Analysis'),
(134,5,'महत्व','Importance'),
(135,6,'प्रश्न','Questions'),
(136,1,'पठन','Reading'),
(137,2,'अर्थ','Meaning'),
(138,3,'भाव','Theme'),
(139,4,'मूल्य','Values'),
(140,5,'प्रश्न','Questions'),
(141,1,'पठन','Reading'),
(142,2,'घटनाएँ','Events'),
(143,3,'घटनाएँ','Events continued'),
(144,4,'संदेश','Message'),
(145,5,'विश्लेषण','Analysis'),
(146,6,'प्रश्न','Questions'),
(147,1,'परिचय','Introduction'),
(148,2,'साक्षात्कार','Interview reading'),
(149,3,'साक्षात्कार','Interview continued'),
(150,4,'विश्लेषण','Analysis'),
(151,5,'लेखन','Writing'),
(152,6,'प्रश्न','Questions'),
(153,1,'पठन','Reading'),
(154,2,'पठन','Reading continued'),
(155,3,'संवाद','Dialogue'),
(156,4,'प्रश्न','Questions'),
(157,1,'परिचय','Introduction'),
(158,2,'पठन','Reading'),
(159,3,'विचार','Ideas'),
(160,4,'प्रश्न','Questions'),
(161,1,'पठन','Reading'),
(162,2,'भाव','Theme'),
(163,3,'प्रश्न','Questions'),
(164,1,'पठन','Reading'),
(165,2,'विचार','Ideas'),
(166,3,'संदेश','Message'),
(167,4,'प्रश्न','Questions'),
(168,1,'पठन','Reading'),
(169,2,'भाव','Theme'),
(170,3,'प्रश्न','Questions'),
(171,1,'पठन','Reading'),
(172,2,'घटनाएँ','Events'),
(173,3,'संदेश','Message'),
(174,4,'प्रश्न','Questions'),
(175,1,'पठन','Reading'),
(176,2,'जानकारी','Information'),
(177,3,'चर्चा','Discussion'),
(178,4,'प्रश्न','Questions'),
(179,1,'पठन','Reading'),
(180,2,'घटनाएँ','Events'),
(181,3,'संदेश','Message'),
(182,4,'प्रश्न','Questions'),
(183,1,'Introduction and theme','Introduction and theme discussion'),
(184,2,'Attitude is Altitude','Reading and meaning'),
(185,3,'Attitude is Altitude','Reading and meaning continued'),
(186,4,'Vocabulary','Vocabulary'),
(187,5,'Grammar: Relative Clauses','Grammar practice'),
(188,6,'Every Success Story','Reading'),
(189,7,'Every Success Story','Reading continued'),
(190,8,'I Will Do It','Reading'),
(191,9,'I Will Do It','Reading continued'),
(192,10,'Writing: Biography','Biography writing'),
(193,11,'Activities and speaking','Activities and speaking'),
(194,12,'Revision','Revision'),
(195,1,'Introduction','Introduction'),
(196,2,'The Dear Departed Part I','Drama'),
(197,3,'The Dear Departed Part I','Drama'),
(198,4,'The Dear Departed Part I','Drama'),
(199,5,'The Dear Departed Part II','Drama'),
(200,6,'The Dear Departed Part II','Drama'),
(201,7,'The Brave Potter','Story'),
(202,8,'The Brave Potter','Story continued'),
(203,9,'Vocabulary','Vocabulary'),
(204,10,'Grammar','Grammar'),
(205,11,'Writing: Dialogue','Dialogue writing'),
(206,12,'Revision','Revision'),
(207,1,'Introduction','Introduction'),
(208,2,'The Journey','Prose'),
(209,3,'The Journey','Prose continued'),
(210,4,'The Journey','Prose continued'),
(211,5,'Another Woman (Poem)','Poem'),
(212,6,'The Never-Never Nest','Drama'),
(213,7,'The Never-Never Nest','Drama'),
(214,8,'Vocabulary','Vocabulary'),
(215,9,'Writing','Writing task'),
(216,10,'Revision','Revision'),
(217,1,'Introduction','Introduction'),
(218,2,'Rendezvous with Ray','Biography'),
(219,3,'Rendezvous with Ray','Biography'),
(220,4,'Rendezvous with Ray','Biography'),
(221,5,'Maya Bazaar','Film study'),
(222,6,'Maya Bazaar','Film study continued'),
(223,7,'Tribute','Reading'),
(224,8,'Vocabulary','Vocabulary'),
(225,9,'Writing','Writing'),
(226,10,'Revision','Revision'),
(227,1,'Introduction','Introduction'),
(228,2,'The Storeyed House Part I','Story'),
(229,3,'The Storeyed House Part I','Story'),
(230,4,'The Storeyed House Part I','Story'),
(231,5,'The Storeyed House Part II','Story'),
(232,6,'The Storeyed House Part II','Story'),
(233,7,'Abandoned (Poem)','Poem'),
(234,8,'Vocabulary','Vocabulary'),
(235,9,'Writing','Writing'),
(236,10,'Revision','Revision'),
(237,1,'Introduction','Introduction'),
(238,2,'Environment','Text study'),
(239,3,'Environment','Text study'),
(240,4,'Environment','Text study'),
(241,5,'Or Will the Dreamer Wake?','Poem'),
(242,6,'A Tale of Three Villages','Story'),
(243,7,'A Tale of Three Villages','Story'),
(244,8,'Vocabulary','Vocabulary'),
(245,9,'Writing','Writing'),
(246,10,'Revision','Revision'),
(247,1,'Introduction','Introduction'),
(248,2,'My Childhood','Reading'),
(249,3,'My Childhood','Reading'),
(250,4,'My Childhood','Reading'),
(251,5,'A Plea for India','Poem'),
(252,6,'Unity in Diversity','Prose'),
(253,7,'Unity in Diversity','Prose'),
(254,8,'Vocabulary','Vocabulary'),
(255,9,'Writing','Writing'),
(256,10,'Revision','Revision'),
(257,1,'Introduction','Introduction'),
(258,2,'Jamaican Fragment','Reading'),
(259,3,'Jamaican Fragment','Reading'),
(260,4,'Jamaican Fragment','Reading'),
(261,5,'Once Upon a Time','Poem'),
(262,6,'What is My Name?','Story'),
(263,7,'What is My Name?','Story'),
(264,8,'Vocabulary','Vocabulary'),
(265,9,'Writing','Writing'),
(266,10,'Revision','Revision'),
(267,1,'Introduction and Euclid algorithm','Introduction and Euclid algorithm'),
(268,2,'Introduction and Euclid algorithm','Continued'),
(269,3,'HCF problems','HCF problems'),
(270,4,'HCF problems','HCF problems continued'),
(271,5,'Fundamental theorem of arithmetic','Fundamental theorem'),
(272,6,'Fundamental theorem of arithmetic','Continued'),
(273,7,'Prime factorisation','Prime factorisation'),
(274,8,'Prime factorisation','Continued'),
(275,9,'Decimal expansions','Decimal expansions'),
(276,10,'Decimal expansions','Continued'),
(277,11,'Rational vs irrational numbers','Rational vs irrational'),
(278,12,'Rational vs irrational numbers','Continued'),
(279,13,'Proof problems','Proof problems'),
(280,14,'Proof problems','Continued'),
(281,15,'Revision','Revision'),
(282,1,'Introduction','Introduction'),
(283,2,'Types of sets','Types of sets'),
(284,3,'Union and intersection','Union and intersection'),
(285,4,'Union and intersection','Continued'),
(286,5,'Complement','Complement'),
(287,6,'Venn diagrams','Venn diagrams'),
(288,7,'Problems','Problems'),
(289,8,'Revision','Revision'),
(290,1,'Introduction','Introduction'),
(291,2,'Zeros of polynomials','Zeros'),
(292,3,'Zeros of polynomials','Continued'),
(293,4,'Graphs','Graphs'),
(294,5,'Graphs','Continued'),
(295,6,'Relations','Relations'),
(296,7,'Problems','Problems'),
(297,8,'Revision','Revision'),
(298,1,'Introduction','Introduction'),
(299,2,'Introduction','Continued'),
(300,3,'Graphical method','Graphical method'),
(301,4,'Graphical method','Continued'),
(302,5,'Graphical method','Continued'),
(303,6,'Substitution method','Substitution'),
(304,7,'Substitution method','Continued'),
(305,8,'Substitution method','Continued'),
(306,9,'Elimination method','Elimination'),
(307,10,'Elimination method','Continued'),
(308,11,'Elimination method','Continued'),
(309,12,'Word problems','Word problems'),
(310,13,'Word problems','Continued'),
(311,14,'Revision','Revision'),
(312,15,'Revision','Wrap-up'),
(313,1,'Introduction','Introduction'),
(314,2,'Introduction','Continued'),
(315,3,'Factorisation','Factorisation'),
(316,4,'Factorisation','Continued'),
(317,5,'Factorisation','Continued'),
(318,6,'Quadratic formula','Formula'),
(319,7,'Quadratic formula','Continued'),
(320,8,'Quadratic formula','Continued'),
(321,9,'Discriminant','Discriminant'),
(322,10,'Problems','Problems'),
(323,11,'Revision','Revision'),
(324,1,'Introduction','Introduction'),
(325,2,'Introduction','Continued'),
(326,3,'nth term','nth term'),
(327,4,'nth term','Continued'),
(328,5,'nth term','Continued'),
(329,6,'Sum formula','Sum formula'),
(330,7,'Sum formula','Continued'),
(331,8,'Sum formula','Continued'),
(332,9,'Problems','Problems'),
(333,10,'Problems','Continued'),
(334,11,'Revision','Revision'),
(335,1,'Basics','Basics'),
(336,2,'Basics','Continued'),
(337,3,'Distance formula','Distance formula'),
(338,4,'Distance formula','Continued'),
(339,5,'Distance formula','Continued'),
(340,6,'Distance formula','Continued'),
(341,7,'Section formula','Section formula'),
(342,8,'Section formula','Continued'),
(343,9,'Section formula','Continued'),
(344,10,'Problems','Problems'),
(345,11,'Problems','Continued'),
(346,12,'Revision','Revision'),
(347,1,'Introduction','Introduction'),
(348,2,'Introduction','Continued'),
(349,3,'Introduction','Continued'),
(350,4,'Criteria of similarity','Criteria'),
(351,5,'Criteria of similarity','Continued'),
(352,6,'Criteria of similarity','Continued'),
(353,7,'Criteria of similarity','Continued'),
(354,8,'Theorems','Theorems'),
(355,9,'Theorems','Continued'),
(356,10,'Theorems','Continued'),
(357,11,'Theorems','Continued'),
(358,12,'Applications','Applications'),
(359,13,'Applications','Continued'),
(360,14,'Applications','Continued'),
(361,15,'Applications','Continued'),
(362,16,'Problems','Problems'),
(363,17,'Problems','Continued'),
(364,18,'Revision','Revision'),
(365,1,'Introduction','Introduction'),
(366,2,'Introduction','Continued'),
(367,3,'Introduction','Continued'),
(368,4,'Tangents','Tangents'),
(369,5,'Tangents','Continued'),
(370,6,'Tangents','Continued'),
(371,7,'Tangents','Continued'),
(372,8,'Secants','Secants'),
(373,9,'Secants','Continued'),
(374,10,'Secants','Continued'),
(375,11,'Secants','Continued'),
(376,12,'Problems','Problems'),
(377,13,'Problems','Continued'),
(378,14,'Problems','Continued'),
(379,15,'Revision','Revision'),
(380,1,'Introduction','Introduction'),
(381,2,'Introduction','Continued'),
(382,3,'Surface area','Surface area'),
(383,4,'Surface area','Continued'),
(384,5,'Surface area','Continued'),
(385,6,'Volume','Volume'),
(386,7,'Volume','Continued'),
(387,8,'Volume','Continued'),
(388,9,'Problems','Problems'),
(389,10,'Revision','Revision'),
(390,1,'Introduction','Introduction'),
(391,2,'Introduction','Continued'),
(392,3,'Introduction','Continued'),
(393,4,'Trigonometric ratios','Ratios'),
(394,5,'Trigonometric ratios','Continued'),
(395,6,'Trigonometric ratios','Continued'),
(396,7,'Trigonometric ratios','Continued'),
(397,8,'Identities','Identities'),
(398,9,'Identities','Continued'),
(399,10,'Identities','Continued'),
(400,11,'Identities','Continued'),
(401,12,'Problems','Problems'),
(402,13,'Problems','Continued'),
(403,14,'Problems','Continued'),
(404,15,'Revision','Revision'),
(405,1,'Basics','Basics'),
(406,2,'Basics','Continued'),
(407,3,'Heights and distances','Problems'),
(408,4,'Heights and distances','Continued'),
(409,5,'Heights and distances','Continued'),
(410,6,'Heights and distances','Continued'),
(411,7,'Case study','Case study'),
(412,8,'Revision','Revision'),
(413,1,'Introduction','Introduction'),
(414,2,'Introduction','Continued'),
(415,3,'Probability concepts','Concepts'),
(416,4,'Probability concepts','Continued'),
(417,5,'Probability concepts','Continued'),
(418,6,'Probability concepts','Continued'),
(419,7,'Problems','Problems'),
(420,8,'Problems','Continued'),
(421,9,'Problems','Continued'),
(422,10,'Revision','Revision'),
(423,1,'Introduction','Introduction'),
(424,2,'Introduction','Continued'),
(425,3,'Introduction','Continued'),
(426,4,'Mean','Mean'),
(427,5,'Mean','Continued'),
(428,6,'Mean','Continued'),
(429,7,'Mean','Continued'),
(430,8,'Median','Median'),
(431,9,'Median','Continued'),
(432,10,'Median','Continued'),
(433,11,'Median','Continued'),
(434,12,'Graphs','Graphs'),
(435,13,'Graphs','Continued'),
(436,14,'Graphs','Continued'),
(437,15,'Revision','Revision'),
(438,1,'Introduction to modelling','Introduction'),
(439,2,'Introduction to modelling','Continued'),
(440,3,'Introduction to modelling','Continued'),
(441,4,'Applications','Applications'),
(442,5,'Applications','Continued'),
(443,6,'Applications','Continued'),
(444,7,'Problems','Problems'),
(445,8,'Problems','Continued'),
(446,1,'Reflection Basics','Reflection Basics'),
(447,2,'Spherical Mirrors','Spherical Mirrors'),
(448,3,'Concave Mirror','Concave Mirror'),
(449,4,'Convex Mirror','Convex Mirror'),
(450,5,'Image Formation Rules','Image Formation Rules'),
(451,6,'Ray Diagrams','Ray Diagrams'),
(452,7,'Mirror Formula','Mirror Formula'),
(453,8,'Magnification','Magnification'),
(454,1,'Writing Chemical Equations','Writing Chemical Equations'),
(455,2,'Balancing Equations','Balancing Equations'),
(456,3,'Types of Reactions','Types of Reactions'),
(457,4,'Combination','Combination'),
(458,5,'Decomposition','Decomposition'),
(459,1,'Properties of Acids & Bases','Properties of Acids & Bases'),
(460,2,'Indicators and pH scale','Indicators and pH scale'),
(461,3,'Strength of Acids/Bases','Strength of Acids/Bases'),
(462,4,'Chemical Reactions','Chemical Reactions'),
(463,5,'Salts Formation','Salts Formation'),
(464,6,'Uses in Daily Life','Uses in Daily Life'),
(465,7,'Practice','Practice'),
(466,8,'Revision','Revision'),
(467,1,'Refraction Basics','Refraction Basics'),
(468,2,'Laws of Refraction','Laws of Refraction'),
(469,3,'Lenses','Lenses'),
(470,4,'Convex Lens','Convex Lens'),
(471,5,'Concave Lens','Concave Lens'),
(472,6,'Image Formation','Image Formation'),
(473,7,'Lens Formula','Lens Formula'),
(474,8,'Magnification','Magnification'),
(475,1,'Structure of Eye','Structure of Eye'),
(476,2,'Image Formation in Eye','Image Formation in Eye'),
(477,3,'Defects of Vision','Defects of Vision'),
(478,4,'Myopia','Myopia'),
(479,5,'Hypermetropia','Hypermetropia'),
(480,6,'Dispersion of Light','Dispersion of Light'),
(481,7,'Scattering of Light','Scattering of Light'),
(482,8,'Revision','Revision'),
(483,1,'Atomic Models','Atomic Models'),
(484,2,'Dalton','Dalton'),
(485,3,'Thomson','Thomson'),
(486,4,'Rutherford','Rutherford'),
(487,5,'Bohr','Bohr'),
(488,6,'Subatomic Particles','Subatomic Particles'),
(489,7,'Revision','Revision'),
(490,1,'Classification of Elements','Classification of Elements'),
(491,2,'Modern Periodic Table','Modern Periodic Table'),
(492,3,'Periods & Groups','Periods & Groups'),
(493,4,'Trends','Trends'),
(494,5,'Atomic Size','Atomic Size'),
(495,6,'Valency','Valency'),
(496,7,'Reactivity','Reactivity'),
(497,8,'Revision','Revision'),
(498,1,'Ionic Bonding','Ionic Bonding'),
(499,2,'Covalent Bonding','Covalent Bonding'),
(500,3,'Properties of Compounds','Properties of Compounds'),
(501,4,'Formation of Molecules','Formation of Molecules'),
(502,5,'Chemical Structures','Chemical Structures'),
(503,6,'Applications','Applications'),
(504,7,'Practice','Practice'),
(505,8,'Revision','Revision'),
(506,1,'Electric Current','Electric Current'),
(507,2,'Potential Difference','Potential Difference'),
(508,3,'Ohm’s Law','Ohm’s Law'),
(509,4,'Resistance','Resistance'),
(510,5,'Series & Parallel Circuits','Series & Parallel Circuits'),
(511,6,'Electric Power','Electric Power'),
(512,7,'Practice','Practice'),
(513,8,'Revision','Revision'),
(514,1,'Magnetic Effects of Current','Magnetic Effects of Current'),
(515,2,'Electromagnets','Electromagnets'),
(516,3,'Fleming’s Rules','Fleming’s Rules'),
(517,4,'Electric Motor','Electric Motor'),
(518,5,'Generator','Generator'),
(519,6,'Electromagnetic Induction','Electromagnetic Induction'),
(520,7,'Applications','Applications'),
(521,8,'Revision','Revision'),
(522,1,'Occurrence of Metals','Occurrence of Metals'),
(523,2,'Extraction of Metals','Extraction of Metals'),
(524,3,'Concentration of Ores','Concentration of Ores'),
(525,4,'Refining','Refining'),
(526,5,'Corrosion','Corrosion'),
(527,6,'Revision','Revision'),
(528,1,'Properties of Carbon','Properties of Carbon'),
(529,2,'Covalent Bonding in Carbon','Covalent Bonding in Carbon'),
(530,3,'Hydrocarbons','Hydrocarbons'),
(531,4,'Functional Groups','Functional Groups'),
(532,5,'Homologous Series','Homologous Series'),
(533,6,'Uses of Carbon Compounds','Uses of Carbon Compounds'),
(534,7,'Applications','Applications'),
(535,8,'Revision','Revision'),
(536,1,'Introduction and types of nutrition','Introduction'),
(537,2,'Autotrophic nutrition','Autotrophic nutrition'),
(538,3,'Photosynthesis process','Photosynthesis'),
(539,4,'Factors affecting photosynthesis','Factors'),
(540,5,'Experiments','Experiments'),
(541,6,'Heterotrophic nutrition','Heterotrophic nutrition'),
(542,7,'Digestive system','Digestive system'),
(543,8,'Enzymes and digestion','Enzymes'),
(544,9,'Diseases','Nutrition-related diseases'),
(545,10,'Revision','Revision'),
(546,1,'Introduction','Introduction'),
(547,2,'Breathing process','Breathing'),
(548,3,'Lungs structure','Lungs'),
(549,4,'Gaseous exchange','Gas exchange'),
(550,5,'Transport of gases','Transport'),
(551,6,'Cellular respiration','Cellular respiration'),
(552,7,'Aerobic respiration','Aerobic'),
(553,8,'Anaerobic respiration','Anaerobic'),
(554,9,'Differences','Compare aerobic vs anaerobic'),
(555,10,'Revision','Revision'),
(556,1,'Blood components','Blood'),
(557,2,'Functions','Functions'),
(558,3,'Heart structure','Heart'),
(559,4,'Working of heart','Cardiac cycle'),
(560,5,'Double circulation','Circulation'),
(561,6,'Blood vessels','Vessels'),
(562,7,'Lymph','Lymph'),
(563,8,'Disorders','Disorders'),
(564,9,'Diagram practice','Diagrams'),
(565,10,'Revision','Revision'),
(566,1,'Introduction','Introduction'),
(567,2,'Human excretory system','System overview'),
(568,3,'Kidney structure','Kidney'),
(569,4,'Nephron','Nephron'),
(570,5,'Urine formation','Urine formation'),
(571,6,'Excretion in plants','Plants'),
(572,7,'Disorders','Disorders'),
(573,8,'Dialysis','Dialysis'),
(574,9,'Diagram','Diagrams'),
(575,10,'Revision','Revision'),
(576,1,'Introduction','Introduction'),
(577,2,'Nervous system','Nervous system'),
(578,3,'Brain structure','Brain'),
(579,4,'Reflex actions','Reflexes'),
(580,5,'Hormones','Hormones'),
(581,6,'Endocrine glands','Endocrine'),
(582,7,'Coordination in plants','Plants'),
(583,8,'Tropism','Tropism'),
(584,9,'Differences','Compare systems'),
(585,10,'Revision','Revision'),
(586,1,'Introduction','Introduction'),
(587,2,'Asexual methods','Asexual'),
(588,3,'Binary fission','Binary fission'),
(589,4,'Budding','Budding'),
(590,5,'Vegetative propagation','Vegetative'),
(591,6,'Sexual reproduction','Sexual overview'),
(592,7,'Male system','Male reproductive system'),
(593,8,'Female system','Female reproductive system'),
(594,9,'Fertilization','Fertilization'),
(595,10,'Development','Development'),
(596,11,'Reproductive health','Health'),
(597,12,'Diseases','Diseases'),
(598,13,'Population control','Population'),
(599,14,'Case study','Case study'),
(600,15,'Revision','Revision'),
(601,1,'System integration','Integration'),
(602,2,'System integration','Integration continued'),
(603,3,'System integration','Integration continued'),
(604,4,'Hormonal control','Hormonal control'),
(605,5,'Hormonal control','Hormonal control continued'),
(606,6,'Case studies','Case studies'),
(607,7,'Case studies','Case studies continued'),
(608,8,'Case studies','Case studies continued'),
(609,9,'Revision','Revision'),
(610,1,'Introduction','Introduction'),
(611,2,'Mendel','Mendel'),
(612,3,'Laws','Laws'),
(613,4,'Traits','Traits'),
(614,5,'Punnett square','Punnett square'),
(615,6,'Variation','Variation'),
(616,7,'Evolution','Evolution'),
(617,8,'Natural selection','Natural selection'),
(618,9,'Darwin theory','Darwin'),
(619,10,'Human evolution','Human evolution'),
(620,11,'Case studies','Case studies'),
(621,12,'Case studies','Case studies continued'),
(622,13,'Case studies','Case studies continued'),
(623,14,'Case studies','Case studies continued'),
(624,15,'Revision','Revision'),
(625,1,'Ecosystem','Ecosystem'),
(626,2,'Components','Components'),
(627,3,'Food chains','Food chains'),
(628,4,'Food web','Food web'),
(629,5,'Energy flow','Energy flow'),
(630,6,'Pollution','Pollution'),
(631,7,'Waste management','Waste'),
(632,8,'Conservation','Conservation'),
(633,9,'Case study','Case study'),
(634,10,'Revision','Revision'),
(635,1,'Introduction','Introduction'),
(636,2,'Air','Air'),
(637,3,'Water','Water'),
(638,4,'Soil','Soil'),
(639,5,'Forest','Forest'),
(640,6,'Energy','Energy'),
(641,7,'Sustainable use','Sustainability'),
(642,8,'Environmental issues','Issues'),
(643,9,'Case study','Case study'),
(644,10,'Revision','Revision'),
(645,1,'Location and map','Location and map'),
(646,2,'Latitudes and longitudes','Coordinates'),
(647,3,'Geological history','Geology'),
(648,4,'Himalayas','Himalayas'),
(649,5,'Plains','Plains'),
(650,6,'Plateau','Plateau'),
(651,7,'Desert and coast','Desert and coast'),
(652,8,'Revision','Revision'),
(653,1,'Introduction','Introduction'),
(654,2,'Goals','Goals'),
(655,3,'Conflicts','Conflicts'),
(656,4,'Income','Income'),
(657,5,'Public facilities','Public facilities'),
(658,6,'HDI','HDI'),
(659,7,'Revision','Revision'),
(660,1,'Introduction','Introduction'),
(661,2,'Primary sector','Primary'),
(662,3,'Secondary sector','Secondary'),
(663,4,'Tertiary sector','Tertiary'),
(664,5,'Employment types','Employment'),
(665,6,'Organized and unorganized','Sectors'),
(666,7,'Case study','Case study'),
(667,8,'Revision','Revision'),
(668,1,'Climate basics','Basics'),
(669,2,'Factors','Factors'),
(670,3,'Monsoon','Monsoon'),
(671,4,'Seasons','Seasons'),
(672,5,'Rainfall','Rainfall'),
(673,6,'Regions','Regions'),
(674,7,'Map work','Maps'),
(675,8,'Revision','Revision'),
(676,1,'Introduction','Introduction'),
(677,2,'Himalayan rivers','Himalayan'),
(678,3,'Peninsular rivers','Peninsular'),
(679,4,'Irrigation','Irrigation'),
(680,5,'Conservation','Conservation'),
(681,6,'Issues','Issues'),
(682,7,'Revision','Revision'),
(683,1,'Introduction','Introduction'),
(684,2,'Growth','Growth'),
(685,3,'Density','Density'),
(686,4,'Literacy','Literacy'),
(687,5,'Migration','Migration'),
(688,6,'Revision','Revision'),
(689,1,'Types of settlements','Types'),
(690,2,'Rural','Rural'),
(691,3,'Urban','Urban'),
(692,4,'Migration types','Migration types'),
(693,5,'Causes','Causes'),
(694,6,'Effects','Effects'),
(695,7,'Revision','Revision'),
(696,1,'Village introduction','Introduction'),
(697,2,'Farming','Farming'),
(698,3,'Non-farm activities','Non-farm'),
(699,4,'Credit','Credit'),
(700,5,'Issues','Issues'),
(701,6,'Revision','Revision'),
(702,1,'Meaning','Meaning'),
(703,2,'Liberalisation','Liberalisation'),
(704,3,'MNCs','MNCs'),
(705,4,'Impact','Impact'),
(706,5,'Pros and cons','Pros and cons'),
(707,6,'Revision','Revision'),
(708,1,'Meaning','Meaning'),
(709,2,'PDS','PDS'),
(710,3,'Buffer stock','Buffer stock'),
(711,4,'Programs','Programs'),
(712,5,'Issues','Issues'),
(713,6,'Revision','Revision'),
(714,1,'Meaning','Meaning'),
(715,2,'Resources','Resources'),
(716,3,'Issues','Issues'),
(717,4,'Conservation','Conservation'),
(718,5,'Equity','Equity'),
(719,6,'Case study','Case study'),
(720,7,'Revision','Revision'),
(721,1,'Causes of WW1','WW1 causes'),
(722,2,'WW1 events','WW1 events'),
(723,3,'Aftermath','Aftermath'),
(724,4,'Causes of WW2','WW2 causes'),
(725,5,'WW2 events','WW2 events'),
(726,6,'Impact','Impact'),
(727,7,'Comparison','Comparison'),
(728,8,'Revision','Revision'),
(729,1,'Movements overview','Movements'),
(730,2,'Movements overview','Movements continued'),
(731,3,'Movements overview','Movements continued'),
(732,4,'Movements overview','Movements continued'),
(733,5,'Revision','Revision'),
(734,1,'Freedom struggle overview','Struggle'),
(735,2,'Freedom struggle overview','Struggle continued'),
(736,3,'Freedom struggle overview','Struggle continued'),
(737,4,'Freedom struggle overview','Struggle continued'),
(738,5,'Freedom struggle overview','Struggle continued'),
(739,6,'Revision','Revision'),
(740,1,'Constitution features','Features'),
(741,2,'Constitution features','Features continued'),
(742,3,'Constitution features','Features continued'),
(743,4,'Constitution features','Features continued'),
(744,5,'Revision','Revision'),
(745,1,'Election process overview','Process'),
(746,2,'Election process overview','Process continued'),
(747,3,'Election process overview','Process continued'),
(748,4,'Election process overview','Process continued'),
(749,5,'Revision','Revision'),
(750,1,'Development overview','Development'),
(751,2,'Development overview','Development continued'),
(752,3,'Development overview','Development continued'),
(753,4,'Development overview','Development continued'),
(754,5,'Revision','Revision'),
(755,1,'Political changes','Changes'),
(756,2,'Political changes','Changes continued'),
(757,3,'Political changes','Changes continued'),
(758,4,'Political changes','Changes continued'),
(759,5,'Revision','Revision'),
(760,1,'Cold War overview','Cold War'),
(761,2,'Cold War overview','Cold War continued'),
(762,3,'Cold War overview','Cold War continued'),
(763,4,'Cold War overview','Cold War continued'),
(764,5,'Revision','Revision'),
(765,1,'Types of movements','Movements'),
(766,2,'Types of movements','Movements continued'),
(767,3,'Types of movements','Movements continued'),
(768,4,'Types of movements','Movements continued'),
(769,5,'Revision','Revision'),
(770,1,'Telangana movement overview','Movement'),
(771,2,'Telangana movement overview','Movement continued'),
(772,3,'Telangana movement overview','Movement continued'),
(773,4,'Telangana movement overview','Movement continued'),
(774,5,'Telangana movement overview','Movement continued'),
(775,6,'Revision','Revision');

SET FOREIGN_KEY_CHECKS = 1;
SET SQL_SAFE_UPDATES = 1;
-- Next: run february_live_sessions_curriculum_update.sql then db_load_checklist.sql
